sample_name,group,ogf_lib_id,sample_number,l1r1,l1r2,l2r1,l2r2,bc
n5d2,angry,5141-01-49-01,16,source1,source2,source3,source4,TATCGCAC+CTTAGTGT 
n5d3,angry,5141-02-49-01,17,source1,source2,source3,source4,CGCTATGT+TCCGACAC 
n5d4,angry,5141-03-49-01,18,source1,source2,source3,source4,GTATGTTC+AACAGGAA 
n5d5,angry,5141-04-49-01,19,source1,source2,source3,source4,ACGCACCT+GGTGAAGG 
n5f1,angry,5141-05-49-01,20,source1,source2,source3,source4,TACTCATA+CCTGTGGC 
n5f2,angry,5141-06-49-01,21,source1,source2,source3,source4,CGTCTGCG+TTCACAAT 
n5f3,angry,5141-07-49-01,22,source1,source2,source3,source4,TCGATATC+ACACGAGT 
n5f5,angry,5141-08-49-01,23,source1,source2,source3,source4,CTAGCGCT+GTGTAGAC 
n8d1,angry,5141-09-49-01,24,source1,source2,source3,source4,AACTGTAG+ACGCCGCA 
n8d2,angry,5141-10-49-01,25,source1,source2,source3,source4,GGTCACGA+GTATTATG 
n8d3,angry,5141-11-49-01,26,source1,source2,source3,source4,CTGCTTCC+GATAGATC 
n8d5,angry,5141-12-49-01,27,source1,source2,source3,source4,TCATCCTT+AGCGAGCT 
n8f1,angry,5141-13-49-01,28,source1,source2,source3,source4,AGGTTATA+CAGTTCCG 
n8f3,angry,5141-14-49-01,29,source1,source2,source3,source4,GAACCGCG+TGACCTTA 
n8f4,angry,5141-15-49-01,30,source1,source2,source3,source4,CTCACCAA+CTAGGCAA 
n8f5,angry,5141-16-49-01,31,source1,source2,source3,source4,TCTGTTGG+TCGAATGG 
n13d2,angry,5141-17-49-01,32,source1,source2,source3,source4,CAATTAAC+CGAGATAT 
n13d3,angry,5141-18-49-01,33,source1,source2,source3,source4,TGGCCGGT+TAGAGCGC 
n13d4,angry,5141-19-49-01,34,source1,source2,source3,source4,AGTACTCC+AACCTGTT 
n13d5,angry,5141-20-49-01,35,source1,source2,source3,source4,GACGTCTT+GGTTCACC 
n13f2,angry,5141-21-49-01,36,source1,source2,source3,source4,TGCGAGAC+CATTGTTG 
n13f3,angry,5141-22-49-01,37,source1,source2,source3,source4,CATAGAGT+TGCCACCA 
n13f4,angry,5141-23-49-01,38,source1,source2,source3,source4,ACAGGCGC+CTCTGCCT 
n13f5,angry,5141-24-49-01,39,source1,source2,source3,source4,GTGAATAT+TCTCATTC 
larvae_7,castes,,07,source5,source6,sourcenull,sourcenull,GAATTCGTCAGGACGT
worker_8,castes,,08,source5,source6,sourcenull,sourcenull,GAATTCGTGTACTGAC
queen_9,castes,,09,source5,source6,sourcenull,sourcenull,ATTCAGAATATAGCCT
larvae_10,castes,,10,source5,source6,sourcenull,sourcenull,ATTCAGAAATAGAGGC
worker_11,castes,,11,source5,source6,sourcenull,sourcenull,ATTCAGAACCTATCCT
queen_12,castes,,12,source5,source6,sourcenull,sourcenull,ATTCAGAAGGCTCTGA
larvae_13,castes,,13,source5,source6,sourcenull,sourcenull,ATTCAGAAAGGCGAAG
worker_14,castes,,14,source5,source6,sourcenull,sourcenull,ATTCAGAATAATCTTA
queen_15,castes,,15,source5,source6,sourcenull,sourcenull,ATTCAGAACAGGACGT
larvae_25,castes,,25,source5,source6,sourcenull,sourcenull,CGCTCATTTATAGCCT
worker_26,castes,,26,source5,source6,sourcenull,sourcenull,CGCTCATTATAGAGGC
queen_27,castes,,27,source5,source6,sourcenull,sourcenull,CGCTCATTCCTATCCT
larvae_28,castes,,28,source5,source6,sourcenull,sourcenull,CGCTCATTGGCTCTGA
worker_29,castes,,29,source5,source6,sourcenull,sourcenull,CGCTCATTAGGCGAAG
queen_30,castes,,30,source5,source6,sourcenull,sourcenull,CGCTCATTTAATCTTA
larvae_31,castes,,31,source5,source6,sourcenull,sourcenull,CGCTCATTCAGGACGT
worker_32,castes,,32,source5,source6,sourcenull,sourcenull,CGCTCATTGTACTGAC
queen_33,castes,,33,source5,source6,sourcenull,sourcenull,TCCGGAGATATAGCCT
